,flow,speed,time
0,46.0,85.0,2021-02-06 00:15:00
1,52.0,81.0,2021-02-06 00:30:00
2,31.0,85.0,2021-02-06 00:45:00
3,25.0,82.0,2021-02-06 01:00:00
4,12.0,80.0,2021-02-06 01:15:00
5,21.0,80.0,2021-02-06 01:30:00
6,31.0,81.0,2021-02-06 01:45:00
7,20.0,79.0,2021-02-06 02:00:00
8,20.0,80.0,2021-02-06 02:15:00
9,17.0,76.0,2021-02-06 02:30:00
10,27.0,80.0,2021-02-06 02:45:00
11,47.0,81.0,2021-02-06 03:00:00
12,32.0,82.0,2021-02-06 03:15:00
13,29.0,83.0,2021-02-06 03:30:00
14,25.0,79.0,2021-02-06 03:45:00
15,30.0,85.0,2021-02-06 04:00:00
16,27.0,78.0,2021-02-06 04:15:00
17,29.0,80.0,2021-02-06 04:30:00
18,27.0,79.0,2021-02-06 04:45:00
19,24.0,79.0,2021-02-06 05:00:00
20,30.0,83.0,2021-02-06 05:15:00
21,41.0,79.0,2021-02-06 05:30:00
22,49.0,82.0,2021-02-06 05:45:00
23,50.0,81.0,2021-02-06 06:00:00
24,62.0,77.0,2021-02-06 06:15:00
25,44.0,74.0,2021-02-06 06:30:00
26,34.0,76.0,2021-02-06 06:45:00
27,74.0,81.0,2021-02-06 07:00:00
28,72.0,81.0,2021-02-06 07:15:00
29,83.0,82.0,2021-02-06 07:30:00
30,76.0,82.0,2021-02-06 07:45:00
31,76.0,82.0,2021-02-06 08:00:00
32,92.0,80.0,2021-02-06 08:15:00
33,106.0,80.0,2021-02-06 08:30:00
34,116.0,85.0,2021-02-06 08:45:00
35,112.0,85.0,2021-02-06 09:00:00
36,91.0,83.0,2021-02-06 09:15:00
37,127.0,84.0,2021-02-06 09:30:00
38,104.0,81.0,2021-02-06 09:45:00
39,143.0,84.0,2021-02-06 10:00:00
40,117.0,83.0,2021-02-06 10:15:00
41,126.0,83.0,2021-02-06 10:30:00
42,136.0,84.0,2021-02-06 10:45:00
43,135.0,85.0,2021-02-06 11:00:00
44,142.0,85.0,2021-02-06 11:15:00
45,149.0,84.0,2021-02-06 11:30:00
46,126.0,84.0,2021-02-06 11:45:00
47,96.0,80.0,2021-02-06 12:00:00
48,150.0,87.0,2021-02-06 12:15:00
49,176.0,86.0,2021-02-06 12:30:00
50,146.0,84.0,2021-02-06 12:45:00
51,138.0,84.0,2021-02-06 13:00:00
52,143.0,86.0,2021-02-06 13:15:00
53,150.0,87.0,2021-02-06 13:30:00
54,149.0,89.0,2021-02-06 13:45:00
55,141.0,88.0,2021-02-06 14:00:00
56,104.0,85.0,2021-02-06 14:15:00
57,102.0,84.0,2021-02-06 14:30:00
58,129.0,88.0,2021-02-06 14:45:00
59,120.0,88.0,2021-02-06 15:00:00
60,121.0,86.0,2021-02-06 15:15:00
61,116.0,87.0,2021-02-06 15:30:00
62,109.0,89.0,2021-02-06 15:45:00
63,126.0,86.0,2021-02-06 16:00:00
64,94.0,84.0,2021-02-06 16:15:00
65,115.0,89.0,2021-02-06 16:30:00
66,93.0,86.0,2021-02-06 16:45:00
67,110.0,85.0,2021-02-06 17:00:00
68,92.0,84.0,2021-02-06 17:15:00
69,112.0,83.0,2021-02-06 17:30:00
70,95.0,82.0,2021-02-06 17:45:00
71,92.0,83.0,2021-02-06 18:00:00
72,81.0,81.0,2021-02-06 18:15:00
73,85.0,80.0,2021-02-06 18:30:00
74,82.0,78.0,2021-02-06 18:45:00
75,58.0,82.0,2021-02-06 19:00:00
76,91.0,82.0,2021-02-06 19:15:00
77,77.0,82.0,2021-02-06 19:30:00
78,72.0,79.0,2021-02-06 19:45:00
79,77.0,79.0,2021-02-06 20:00:00
80,57.0,82.0,2021-02-06 20:15:00
81,59.0,83.0,2021-02-06 20:30:00
82,58.0,85.0,2021-02-06 20:45:00
83,78.0,80.0,2021-02-06 21:00:00
84,70.0,83.0,2021-02-06 21:15:00
85,63.0,78.0,2021-02-06 21:30:00
86,76.0,78.0,2021-02-06 21:45:00
87,62.0,79.0,2021-02-06 22:00:00
88,63.0,81.0,2021-02-06 22:15:00
89,54.0,79.0,2021-02-06 22:30:00
90,66.0,81.0,2021-02-06 22:45:00
91,59.0,82.0,2021-02-06 23:00:00
92,44.0,77.0,2021-02-06 23:15:00
93,45.0,77.0,2021-02-06 23:30:00
94,34.0,75.0,2021-02-06 23:45:00
95,40.0,83.0,2021-02-07 00:00:00
96,47.0,82.0,2021-02-07 00:15:00
97,32.0,87.0,2021-02-07 00:30:00
98,32.0,87.0,2021-02-07 00:45:00
99,30.0,84.0,2021-02-07 01:00:00
100,39.0,81.0,2021-02-07 01:15:00
101,45.0,81.0,2021-02-07 01:30:00
102,28.0,82.0,2021-02-07 01:45:00
103,29.0,78.0,2021-02-07 02:00:00
104,27.0,83.0,2021-02-07 02:15:00
105,28.0,86.0,2021-02-07 02:30:00
106,18.0,84.0,2021-02-07 02:45:00
107,24.0,83.0,2021-02-07 03:00:00
108,20.0,82.0,2021-02-07 03:15:00
109,20.0,84.0,2021-02-07 03:30:00
110,35.0,86.0,2021-02-07 03:45:00
111,32.0,88.0,2021-02-07 04:00:00
112,26.0,85.0,2021-02-07 04:15:00
113,25.0,85.0,2021-02-07 04:30:00
114,23.0,83.0,2021-02-07 04:45:00
115,27.0,84.0,2021-02-07 05:00:00
116,26.0,84.0,2021-02-07 05:15:00
117,38.0,84.0,2021-02-07 05:30:00
118,36.0,82.0,2021-02-07 05:45:00
119,44.0,82.0,2021-02-07 06:00:00
120,50.0,79.0,2021-02-07 06:15:00
121,41.0,78.0,2021-02-07 06:30:00
122,45.0,85.0,2021-02-07 06:45:00
123,43.0,85.0,2021-02-07 07:00:00
124,42.0,87.0,2021-02-07 07:15:00
125,45.0,88.0,2021-02-07 07:30:00
126,67.0,82.0,2021-02-07 07:45:00
127,75.0,83.0,2021-02-07 08:00:00
128,90.0,84.0,2021-02-07 08:15:00
129,100.0,84.0,2021-02-07 08:30:00
130,81.0,86.0,2021-02-07 08:45:00
131,102.0,86.0,2021-02-07 09:00:00
132,82.0,89.0,2021-02-07 09:15:00
133,87.0,89.0,2021-02-07 09:30:00
134,126.0,88.0,2021-02-07 09:45:00
135,111.0,90.0,2021-02-07 10:00:00
136,123.0,88.0,2021-02-07 10:15:00
137,98.0,89.0,2021-02-07 10:30:00
138,124.0,90.0,2021-02-07 10:45:00
139,162.0,89.0,2021-02-07 11:00:00
140,141.0,88.0,2021-02-07 11:15:00
141,113.0,87.0,2021-02-07 11:30:00
142,114.0,87.0,2021-02-07 11:45:00
143,131.0,84.0,2021-02-07 12:00:00
144,126.0,89.0,2021-02-07 12:15:00
145,142.0,90.0,2021-02-07 12:30:00
146,143.0,90.0,2021-02-07 12:45:00
147,133.0,90.0,2021-02-07 13:00:00
148,146.0,90.0,2021-02-07 13:15:00
149,139.0,88.0,2021-02-07 13:30:00
150,140.0,88.0,2021-02-07 13:45:00
151,105.0,85.0,2021-02-07 14:00:00
152,124.0,85.0,2021-02-07 14:15:00
153,149.0,86.0,2021-02-07 14:30:00
154,146.0,79.0,2021-02-07 14:45:00
155,128.0,82.0,2021-02-07 15:00:00
156,130.0,77.0,2021-02-07 15:15:00
157,102.0,85.0,2021-02-07 15:30:00
158,120.0,86.0,2021-02-07 15:45:00
159,103.0,84.0,2021-02-07 16:00:00
160,100.0,86.0,2021-02-07 16:15:00
161,79.0,89.0,2021-02-07 16:30:00
162,117.0,90.0,2021-02-07 16:45:00
163,104.0,86.0,2021-02-07 17:00:00
164,89.0,81.0,2021-02-07 17:15:00
165,82.0,81.0,2021-02-07 17:30:00
166,69.0,82.0,2021-02-07 17:45:00
167,64.0,83.0,2021-02-07 18:00:00
168,63.0,85.0,2021-02-07 18:15:00
169,64.0,85.0,2021-02-07 18:30:00
170,62.0,82.0,2021-02-07 18:45:00
171,61.0,82.0,2021-02-07 19:00:00
172,57.0,80.0,2021-02-07 19:15:00
173,55.0,79.0,2021-02-07 19:30:00
174,58.0,79.0,2021-02-07 19:45:00
175,78.0,80.0,2021-02-07 20:00:00
176,68.0,82.0,2021-02-07 20:15:00
177,61.0,79.0,2021-02-07 20:30:00
178,51.0,79.0,2021-02-07 20:45:00
179,62.0,81.0,2021-02-07 21:00:00
180,60.0,82.0,2021-02-07 21:15:00
181,56.0,84.0,2021-02-07 21:30:00
182,60.0,83.0,2021-02-07 21:45:00
183,52.0,81.0,2021-02-07 22:00:00
184,47.0,78.0,2021-02-07 22:15:00
185,46.0,78.0,2021-02-07 22:30:00
186,55.0,83.0,2021-02-07 22:45:00
187,60.0,78.0,2021-02-07 23:00:00
188,42.0,81.0,2021-02-07 23:15:00
189,29.0,81.0,2021-02-07 23:30:00
190,28.0,81.0,2021-02-07 23:45:00
191,42.0,83.0,2021-02-08 00:00:00
192,52.0,81.0,2021-02-08 00:15:00
193,43.0,82.0,2021-02-08 00:30:00
194,40.0,82.0,2021-02-08 00:45:00
195,39.0,80.0,2021-02-08 01:00:00
196,24.0,82.0,2021-02-08 01:15:00
197,40.0,86.0,2021-02-08 01:30:00
198,41.0,86.0,2021-02-08 01:45:00
199,28.0,83.0,2021-02-08 02:00:00
200,20.0,80.0,2021-02-08 02:15:00
201,35.0,81.0,2021-02-08 02:30:00
202,30.0,83.0,2021-02-08 02:45:00
203,21.0,84.0,2021-02-08 03:00:00
204,25.0,78.0,2021-02-08 03:15:00
205,26.0,81.0,2021-02-08 03:30:00
206,21.0,84.0,2021-02-08 03:45:00
207,29.0,87.0,2021-02-08 04:00:00
208,28.0,80.0,2021-02-08 04:15:00
209,32.0,80.0,2021-02-08 04:30:00
210,24.0,80.0,2021-02-08 04:45:00
211,27.0,84.0,2021-02-08 05:00:00
212,34.0,80.0,2021-02-08 05:15:00
213,40.0,78.0,2021-02-08 05:30:00
214,30.0,81.0,2021-02-08 05:45:00
215,30.0,79.0,2021-02-08 06:00:00
216,39.0,84.0,2021-02-08 06:15:00
217,44.0,83.0,2021-02-08 06:30:00
218,55.0,79.0,2021-02-08 06:45:00
219,65.0,83.0,2021-02-08 07:00:00
220,72.0,81.0,2021-02-08 07:15:00
221,59.0,84.0,2021-02-08 07:30:00
222,78.0,82.0,2021-02-08 07:45:00
223,86.0,83.0,2021-02-08 08:00:00
224,101.0,80.0,2021-02-08 08:15:00
225,104.0,87.0,2021-02-08 08:30:00
226,103.0,84.0,2021-02-08 08:45:00
227,82.0,85.0,2021-02-08 09:00:00
228,95.0,84.0,2021-02-08 09:15:00
229,88.0,86.0,2021-02-08 09:30:00
230,114.0,85.0,2021-02-08 09:45:00
231,92.0,87.0,2021-02-08 10:00:00
232,91.0,87.0,2021-02-08 10:15:00
233,103.0,88.0,2021-02-08 10:30:00
234,125.0,89.0,2021-02-08 10:45:00
235,102.0,87.0,2021-02-08 11:00:00
236,118.0,91.0,2021-02-08 11:15:00
237,105.0,90.0,2021-02-08 11:30:00
238,122.0,87.0,2021-02-08 11:45:00
239,156.0,88.0,2021-02-08 12:00:00
240,136.0,87.0,2021-02-08 12:15:00
241,147.0,87.0,2021-02-08 12:30:00
242,146.0,87.0,2021-02-08 12:45:00
243,158.0,89.0,2021-02-08 13:00:00
244,141.0,86.0,2021-02-08 13:15:00
245,163.0,79.0,2021-02-08 13:30:00
246,166.0,82.0,2021-02-08 13:45:00
247,171.0,81.0,2021-02-08 14:00:00
248,117.0,88.0,2021-02-08 14:15:00
249,137.0,86.0,2021-02-08 14:30:00
250,165.0,88.0,2021-02-08 14:45:00
251,142.0,87.0,2021-02-08 15:00:00
252,112.0,86.0,2021-02-08 15:15:00
253,99.0,86.0,2021-02-08 15:30:00
254,115.0,89.0,2021-02-08 15:45:00
255,132.0,89.0,2021-02-08 16:00:00
256,125.0,85.0,2021-02-08 16:15:00
257,110.0,86.0,2021-02-08 16:30:00
258,90.0,86.0,2021-02-08 16:45:00
259,101.0,85.0,2021-02-08 17:00:00
260,99.0,85.0,2021-02-08 17:15:00
261,78.0,83.0,2021-02-08 17:30:00
262,84.0,80.0,2021-02-08 17:45:00
263,102.0,83.0,2021-02-08 18:00:00
264,77.0,81.0,2021-02-08 18:15:00
265,80.0,82.0,2021-02-08 18:30:00
266,62.0,79.0,2021-02-08 18:45:00
267,78.0,82.0,2021-02-08 19:00:00
268,67.0,84.0,2021-02-08 19:15:00
269,64.0,83.0,2021-02-08 19:30:00
270,70.0,83.0,2021-02-08 19:45:00
271,89.0,82.0,2021-02-08 20:00:00
272,70.0,78.0,2021-02-08 20:15:00
273,61.0,82.0,2021-02-08 20:30:00
274,69.0,83.0,2021-02-08 20:45:00
275,69.0,84.0,2021-02-08 21:00:00
276,52.0,76.0,2021-02-08 21:15:00
277,73.0,79.0,2021-02-08 21:30:00
278,41.0,75.0,2021-02-08 21:45:00
279,59.0,79.0,2021-02-08 22:00:00
280,81.0,81.0,2021-02-08 22:15:00
281,56.0,80.0,2021-02-08 22:30:00
282,49.0,82.0,2021-02-08 22:45:00
283,22.0,83.0,2021-02-08 23:00:00
284,39.0,91.0,2021-02-08 23:15:00
285,43.0,86.0,2021-02-08 23:30:00
286,32.0,88.0,2021-02-08 23:45:00
287,45.0,86.0,2021-02-09 00:00:00
288,44.0,86.0,2021-02-09 00:15:00
289,43.0,87.0,2021-02-09 00:30:00
290,48.0,85.0,2021-02-09 00:45:00
291,31.0,83.0,2021-02-09 01:00:00
292,33.0,86.0,2021-02-09 01:15:00
293,33.0,84.0,2021-02-09 01:30:00
294,21.0,86.0,2021-02-09 01:45:00
295,17.0,87.0,2021-02-09 02:00:00
296,20.0,82.0,2021-02-09 02:15:00
297,24.0,84.0,2021-02-09 02:30:00
298,23.0,82.0,2021-02-09 02:45:00
299,22.0,84.0,2021-02-09 03:00:00
300,24.0,80.0,2021-02-09 03:15:00
301,24.0,85.0,2021-02-09 03:30:00
302,18.0,88.0,2021-02-09 03:45:00
303,21.0,88.0,2021-02-09 04:00:00
304,35.0,89.0,2021-02-09 04:15:00
305,18.0,87.0,2021-02-09 04:30:00
306,23.0,85.0,2021-02-09 04:45:00
307,34.0,82.0,2021-02-09 05:00:00
308,28.0,86.0,2021-02-09 05:15:00
309,34.0,84.0,2021-02-09 05:30:00
310,34.0,83.0,2021-02-09 05:45:00
311,43.0,82.0,2021-02-09 06:00:00
312,67.0,83.0,2021-02-09 06:15:00
313,52.0,80.0,2021-02-09 06:30:00
314,41.0,82.0,2021-02-09 06:45:00
315,44.0,87.0,2021-02-09 07:00:00
316,51.0,83.0,2021-02-09 07:15:00
317,54.0,86.0,2021-02-09 07:30:00
318,36.0,83.0,2021-02-09 07:45:00
319,67.0,87.0,2021-02-09 08:00:00
320,69.0,85.0,2021-02-09 08:15:00
321,71.0,86.0,2021-02-09 08:30:00
322,96.0,86.0,2021-02-09 08:45:00
323,90.0,88.0,2021-02-09 09:00:00
324,89.0,87.0,2021-02-09 09:15:00
325,99.0,86.0,2021-02-09 09:30:00
326,97.0,85.0,2021-02-09 09:45:00
327,133.0,87.0,2021-02-09 10:00:00
328,115.0,87.0,2021-02-09 10:15:00
329,125.0,88.0,2021-02-09 10:30:00
330,124.0,87.0,2021-02-09 10:45:00
331,103.0,92.0,2021-02-09 11:00:00
332,137.0,94.0,2021-02-09 11:15:00
333,127.0,92.0,2021-02-09 11:30:00
334,132.0,93.0,2021-02-09 11:45:00
335,101.0,90.0,2021-02-09 12:00:00
336,132.0,93.0,2021-02-09 12:15:00
337,113.0,90.0,2021-02-09 12:30:00
338,131.0,90.0,2021-02-09 12:45:00
339,122.0,91.0,2021-02-09 13:00:00
340,137.0,91.0,2021-02-09 13:15:00
341,154.0,91.0,2021-02-09 13:30:00
342,127.0,93.0,2021-02-09 13:45:00
343,125.0,92.0,2021-02-09 14:00:00
344,154.0,95.0,2021-02-09 14:15:00
345,112.0,93.0,2021-02-09 14:30:00
346,123.0,94.0,2021-02-09 14:45:00
347,125.0,90.0,2021-02-09 15:00:00
348,132.0,90.0,2021-02-09 15:15:00
349,114.0,91.0,2021-02-09 15:30:00
350,96.0,91.0,2021-02-09 15:45:00
351,138.0,92.0,2021-02-09 16:00:00
352,95.0,91.0,2021-02-09 16:15:00
353,115.0,91.0,2021-02-09 16:30:00
354,97.0,91.0,2021-02-09 16:45:00
355,97.0,91.0,2021-02-09 17:00:00
356,69.0,89.0,2021-02-09 17:15:00
357,95.0,87.0,2021-02-09 17:30:00
358,84.0,84.0,2021-02-09 17:45:00
359,76.0,88.0,2021-02-09 18:00:00
360,76.0,87.0,2021-02-09 18:15:00
361,94.0,87.0,2021-02-09 18:30:00
362,63.0,85.0,2021-02-09 18:45:00
363,61.0,87.0,2021-02-09 19:00:00
364,60.0,83.0,2021-02-09 19:15:00
365,58.0,84.0,2021-02-09 19:30:00
366,67.0,81.0,2021-02-09 19:45:00
367,72.0,85.0,2021-02-09 20:00:00
368,46.0,83.0,2021-02-09 20:15:00
369,44.0,81.0,2021-02-09 20:30:00
370,37.0,78.0,2021-02-09 20:45:00
371,30.0,89.0,2021-02-09 21:00:00
372,41.0,83.0,2021-02-09 21:15:00
373,38.0,86.0,2021-02-09 21:30:00
374,42.0,83.0,2021-02-09 21:45:00
375,44.0,90.0,2021-02-09 22:00:00
376,51.0,85.0,2021-02-09 22:15:00
377,46.0,85.0,2021-02-09 22:30:00
378,46.0,83.0,2021-02-09 22:45:00
379,32.0,83.0,2021-02-09 23:00:00
380,33.0,88.0,2021-02-09 23:15:00
381,18.0,85.0,2021-02-09 23:30:00
382,34.0,85.0,2021-02-09 23:45:00
383,33.0,86.0,2021-02-10 00:00:00
384,20.0,86.0,2021-02-10 00:15:00
385,34.0,85.0,2021-02-10 00:30:00
386,35.0,88.0,2021-02-10 00:45:00
387,27.0,87.0,2021-02-10 01:00:00
388,38.0,87.0,2021-02-10 01:15:00
389,27.0,85.0,2021-02-10 01:30:00
390,26.0,81.0,2021-02-10 01:45:00
391,21.0,80.0,2021-02-10 02:00:00
392,21.0,83.0,2021-02-10 02:15:00
393,22.0,83.0,2021-02-10 02:30:00
394,16.0,87.0,2021-02-10 02:45:00
395,28.0,83.0,2021-02-10 03:00:00
396,19.0,87.0,2021-02-10 03:15:00
397,17.0,88.0,2021-02-10 03:30:00
398,14.0,92.0,2021-02-10 03:45:00
399,13.0,74.0,2021-02-10 04:00:00
400,26.0,86.0,2021-02-10 04:15:00
401,29.0,78.0,2021-02-10 04:30:00
402,19.0,76.0,2021-02-10 04:45:00
403,30.0,81.0,2021-02-10 05:00:00
404,36.0,81.0,2021-02-10 05:15:00
405,31.0,80.0,2021-02-10 05:30:00
406,38.0,84.0,2021-02-10 05:45:00
407,39.0,81.0,2021-02-10 06:00:00
408,32.0,74.0,2021-02-10 06:15:00
409,37.0,77.0,2021-02-10 06:30:00
410,52.0,82.0,2021-02-10 06:45:00
411,44.0,81.0,2021-02-10 07:00:00
412,38.0,83.0,2021-02-10 07:15:00
413,37.0,85.0,2021-02-10 07:30:00
414,46.0,83.0,2021-02-10 07:45:00
415,50.0,85.0,2021-02-10 08:00:00
416,58.0,87.0,2021-02-10 08:15:00
417,76.0,83.0,2021-02-10 08:30:00
418,82.0,75.0,2021-02-10 08:45:00
419,100.0,80.0,2021-02-10 09:00:00
420,98.0,79.0,2021-02-10 09:15:00
421,96.0,81.0,2021-02-10 09:30:00
422,100.0,82.0,2021-02-10 09:45:00
423,102.0,83.0,2021-02-10 10:00:00
424,114.0,83.0,2021-02-10 10:15:00
425,129.0,81.0,2021-02-10 10:30:00
426,107.0,81.0,2021-02-10 10:45:00
427,122.0,84.0,2021-02-10 11:00:00
428,130.0,86.0,2021-02-10 11:15:00
429,123.0,85.0,2021-02-10 11:30:00
430,121.0,82.0,2021-02-10 11:45:00
431,127.0,82.0,2021-02-10 12:00:00
432,162.0,85.0,2021-02-10 12:15:00
433,156.0,85.0,2021-02-10 12:30:00
434,155.0,87.0,2021-02-10 12:45:00
435,163.0,86.0,2021-02-10 13:00:00
436,155.0,87.0,2021-02-10 13:15:00
437,122.0,86.0,2021-02-10 13:30:00
438,110.0,83.0,2021-02-10 13:45:00
439,117.0,87.0,2021-02-10 14:00:00
440,126.0,87.0,2021-02-10 14:15:00
441,109.0,84.0,2021-02-10 14:30:00
442,116.0,80.0,2021-02-10 14:45:00
443,86.0,76.0,2021-02-10 15:00:00
444,98.0,79.0,2021-02-10 15:15:00
445,109.0,83.0,2021-02-10 15:30:00
446,99.0,81.0,2021-02-10 15:45:00
447,109.0,78.0,2021-02-10 16:00:00
448,101.0,80.0,2021-02-10 16:15:00
449,96.0,80.0,2021-02-10 16:30:00
450,113.0,79.0,2021-02-10 16:45:00
451,95.0,77.0,2021-02-10 17:00:00
452,80.0,78.0,2021-02-10 17:15:00
453,113.0,80.0,2021-02-10 17:30:00
454,70.0,80.0,2021-02-10 17:45:00
455,45.0,87.0,2021-02-10 18:00:00
456,39.0,88.0,2021-02-10 18:15:00
457,32.0,91.0,2021-02-10 18:30:00
458,52.0,91.0,2021-02-10 18:45:00
459,36.0,90.0,2021-02-10 19:00:00
460,65.0,89.0,2021-02-10 19:15:00
461,46.0,90.0,2021-02-10 19:30:00
462,52.0,91.0,2021-02-10 19:45:00
463,33.0,90.0,2021-02-10 20:00:00
464,28.0,87.0,2021-02-10 20:15:00
465,33.0,90.0,2021-02-10 20:30:00
466,36.0,81.0,2021-02-10 20:45:00
467,38.0,77.0,2021-02-10 21:00:00
468,21.0,77.0,2021-02-10 21:15:00
469,21.0,84.0,2021-02-10 21:30:00
470,22.0,79.0,2021-02-10 21:45:00
471,28.0,86.0,2021-02-10 22:00:00
472,27.0,86.0,2021-02-10 22:15:00
473,18.0,68.0,2021-02-10 22:30:00
474,29.0,80.0,2021-02-10 22:45:00
475,13.0,78.0,2021-02-10 23:00:00
476,17.0,81.0,2021-02-10 23:15:00
477,21.0,77.0,2021-02-10 23:30:00
478,34.0,86.0,2021-02-10 23:45:00
479,30.0,89.0,2021-02-11 00:00:00
480,33.0,83.0,2021-02-11 00:15:00
481,29.0,76.0,2021-02-11 00:30:00
482,15.0,78.0,2021-02-11 00:45:00
483,23.0,91.0,2021-02-11 01:00:00
484,5.0,84.0,2021-02-11 01:15:00
485,17.0,91.0,2021-02-11 01:30:00
486,15.0,88.0,2021-02-11 01:45:00
487,14.0,80.0,2021-02-11 02:00:00
488,29.0,85.0,2021-02-11 02:15:00
489,17.0,93.0,2021-02-11 02:30:00
490,12.0,91.0,2021-02-11 02:45:00
491,13.0,92.0,2021-02-11 03:00:00
492,9.0,92.0,2021-02-11 03:15:00
493,15.0,94.0,2021-02-11 03:30:00
494,13.0,93.0,2021-02-11 03:45:00
495,17.0,90.0,2021-02-11 04:00:00
496,9.0,84.0,2021-02-11 04:15:00
497,28.0,93.0,2021-02-11 04:30:00
498,16.0,94.0,2021-02-11 04:45:00
499,26.0,88.0,2021-02-11 05:00:00
500,17.0,86.0,2021-02-11 05:15:00
501,9.0,88.0,2021-02-11 05:30:00
502,18.0,87.0,2021-02-11 05:45:00
503,16.0,88.0,2021-02-11 06:00:00
504,15.0,87.0,2021-02-11 06:15:00
505,12.0,80.0,2021-02-11 06:30:00
506,13.0,90.0,2021-02-11 06:45:00
507,19.0,91.0,2021-02-11 07:00:00
508,22.0,94.0,2021-02-11 07:15:00
509,22.0,99.0,2021-02-11 07:30:00
510,34.0,81.0,2021-02-11 07:45:00
511,31.0,85.0,2021-02-11 08:00:00
512,35.0,85.0,2021-02-11 08:15:00
513,49.0,83.0,2021-02-11 08:30:00
514,48.0,75.0,2021-02-11 08:45:00
515,48.0,77.0,2021-02-11 09:00:00
516,45.0,77.0,2021-02-11 09:15:00
517,58.0,77.0,2021-02-11 09:30:00
518,61.0,78.0,2021-02-11 09:45:00
519,72.0,74.0,2021-02-11 10:00:00
520,76.0,75.0,2021-02-11 10:15:00
521,69.0,72.0,2021-02-11 10:30:00
522,60.0,72.0,2021-02-11 10:45:00
523,69.0,59.0,2021-02-11 11:00:00
524,62.0,66.0,2021-02-11 11:15:00
525,72.0,69.0,2021-02-11 11:30:00
526,61.0,65.0,2021-02-11 11:45:00
527,52.0,57.0,2021-02-11 12:00:00
528,52.0,57.0,2021-02-11 12:15:00
529,41.0,49.0,2021-02-11 12:30:00
530,50.0,57.0,2021-02-11 12:45:00
531,50.0,52.0,2021-02-11 13:00:00
532,46.0,50.0,2021-02-11 13:15:00
533,41.0,48.0,2021-02-11 13:30:00
534,41.0,46.0,2021-02-11 13:45:00
535,36.0,41.0,2021-02-11 14:00:00
536,35.0,57.0,2021-02-11 14:15:00
537,41.0,65.0,2021-02-11 14:30:00
538,35.0,63.0,2021-02-11 14:45:00
539,35.0,65.0,2021-02-11 15:00:00
540,29.0,58.0,2021-02-11 15:15:00
541,24.0,51.0,2021-02-11 15:30:00
542,19.0,36.0,2021-02-11 15:45:00
543,28.0,53.0,2021-02-11 16:00:00
544,21.0,42.0,2021-02-11 16:15:00
545,32.0,63.0,2021-02-11 16:30:00
546,25.0,52.0,2021-02-11 16:45:00
547,30.0,47.0,2021-02-11 17:00:00
548,22.0,52.0,2021-02-11 17:15:00
549,25.0,60.0,2021-02-11 17:30:00
550,17.0,42.0,2021-02-11 17:45:00
551,20.0,49.0,2021-02-11 18:00:00
552,19.0,49.0,2021-02-11 18:15:00
553,21.0,50.0,2021-02-11 18:30:00
554,16.0,26.0,2021-02-11 18:45:00
555,16.0,57.0,2021-02-11 19:00:00
556,8.0,90.0,2021-02-11 19:15:00
557,8.0,87.0,2021-02-11 19:30:00
558,7.0,91.0,2021-02-11 19:45:00
559,15.0,87.0,2021-02-11 20:00:00
560,3.0,93.0,2021-02-11 20:15:00
561,7.0,91.0,2021-02-11 20:30:00
562,4.0,93.0,2021-02-11 20:45:00
563,1.0,80.0,2021-02-11 21:00:00
564,4.0,78.0,2021-02-11 21:15:00
565,3.0,83.0,2021-02-11 21:30:00
566,4.0,90.0,2021-02-11 21:45:00
567,2.0,90.0,2021-02-11 22:00:00
568,2.0,90.0,2021-02-11 22:15:00
569,6.0,97.0,2021-02-11 22:30:00
570,1.0,74.0,2021-02-11 22:45:00
571,6.0,85.0,2021-02-11 23:00:00
572,1.0,74.0,2021-02-11 23:15:00
573,4.0,82.0,2021-02-11 23:30:00
574,3.0,76.0,2021-02-11 23:45:00
575,5.0,88.0,2021-02-12 00:00:00
576,7.0,83.0,2021-02-12 00:15:00
577,7.0,87.0,2021-02-12 00:30:00
578,2.0,93.0,2021-02-12 00:45:00
579,6.0,90.0,2021-02-12 01:00:00
580,4.0,91.0,2021-02-12 01:15:00
581,3.0,88.0,2021-02-12 01:30:00
582,1.0,100.0,2021-02-12 01:45:00
583,1.0,85.0,2021-02-12 02:00:00
584,3.0,80.0,2021-02-12 02:15:00
585,2.0,78.0,2021-02-12 02:30:00
586,4.0,85.0,2021-02-12 02:45:00
587,3.0,93.0,2021-02-12 03:00:00
588,3.0,87.0,2021-02-12 03:15:00
589,4.0,85.0,2021-02-12 03:30:00
590,1.0,100.0,2021-02-12 03:45:00
591,2.0,100.0,2021-02-12 04:00:00
592,3.0,87.0,2021-02-12 04:15:00
593,4.0,95.0,2021-02-12 04:30:00
594,4.0,85.0,2021-02-12 04:45:00
595,4.0,95.0,2021-02-12 05:00:00
596,6.0,86.0,2021-02-12 05:15:00
597,4.0,78.0,2021-02-12 05:30:00
598,6.0,92.0,2021-02-12 05:45:00
599,13.0,90.0,2021-02-12 06:00:00
600,9.0,93.0,2021-02-12 06:15:00
601,7.0,85.0,2021-02-12 06:30:00
602,6.0,91.0,2021-02-12 06:45:00
603,5.0,102.0,2021-02-12 07:00:00
604,11.0,93.0,2021-02-12 07:15:00
605,10.0,93.0,2021-02-12 07:30:00
606,11.0,81.0,2021-02-12 07:45:00
607,28.0,80.0,2021-02-12 08:00:00
608,18.0,85.0,2021-02-12 08:15:00
609,21.0,95.0,2021-02-12 08:30:00
610,23.0,72.0,2021-02-12 08:45:00
611,26.0,69.0,2021-02-12 09:00:00
612,37.0,76.0,2021-02-12 09:15:00
613,36.0,82.0,2021-02-12 09:30:00
614,34.0,83.0,2021-02-12 09:45:00
615,48.0,85.0,2021-02-12 10:00:00
616,44.0,86.0,2021-02-12 10:15:00
617,58.0,89.0,2021-02-12 10:30:00
618,59.0,91.0,2021-02-12 10:45:00
619,57.0,89.0,2021-02-12 11:00:00
620,48.0,84.0,2021-02-12 11:15:00
621,51.0,84.0,2021-02-12 11:30:00
622,39.0,83.0,2021-02-12 11:45:00
623,37.0,82.0,2021-02-12 12:00:00
624,46.0,88.0,2021-02-12 12:15:00
625,38.0,86.0,2021-02-12 12:30:00
626,40.0,82.0,2021-02-12 12:45:00
627,46.0,84.0,2021-02-12 13:00:00
628,37.0,84.0,2021-02-12 13:15:00
629,37.0,82.0,2021-02-12 13:30:00
630,53.0,90.0,2021-02-12 13:45:00
631,49.0,86.0,2021-02-12 14:00:00
632,33.0,72.0,2021-02-12 14:15:00
633,56.0,85.0,2021-02-12 14:30:00
634,46.0,79.0,2021-02-12 14:45:00
635,36.0,76.0,2021-02-12 15:00:00
636,27.0,75.0,2021-02-12 15:15:00
637,32.0,78.0,2021-02-12 15:30:00
638,33.0,75.0,2021-02-12 15:45:00
639,36.0,75.0,2021-02-12 16:00:00
640,40.0,67.0,2021-02-12 16:15:00
641,41.0,66.0,2021-02-12 16:30:00
642,29.0,88.0,2021-02-12 16:45:00
643,28.0,90.0,2021-02-12 17:00:00
644,20.0,89.0,2021-02-12 17:15:00
645,11.0,82.0,2021-02-12 17:30:00
646,13.0,80.0,2021-02-12 17:45:00
647,14.0,86.0,2021-02-12 18:00:00
648,12.0,81.0,2021-02-12 18:15:00
649,14.0,87.0,2021-02-12 18:30:00
650,11.0,82.0,2021-02-12 18:45:00
651,10.0,87.0,2021-02-12 19:00:00
652,10.0,82.0,2021-02-12 19:15:00
653,10.0,78.0,2021-02-12 19:30:00
654,13.0,88.0,2021-02-12 19:45:00
655,13.0,91.0,2021-02-12 20:00:00
656,13.0,87.0,2021-02-12 20:15:00
657,15.0,89.0,2021-02-12 20:30:00
658,14.0,93.0,2021-02-12 20:45:00
659,9.0,87.0,2021-02-12 21:00:00
660,9.0,81.0,2021-02-12 21:15:00
661,7.0,94.0,2021-02-12 21:30:00
662,11.0,89.0,2021-02-12 21:45:00
663,10.0,93.0,2021-02-12 22:00:00
664,5.0,90.0,2021-02-12 22:15:00
665,9.0,89.0,2021-02-12 22:30:00
666,9.0,91.0,2021-02-12 22:45:00
667,3.0,91.0,2021-02-12 23:00:00
668,15.0,86.0,2021-02-12 23:15:00
669,9.0,76.0,2021-02-12 23:30:00
670,16.0,83.0,2021-02-12 23:45:00
671,16.0,81.0,2021-02-13 00:00:00
